date,event_id,stage,error_type,what_was_wrong,what_i_changed,source_of_catch,time_spent_min
2026-09-21,FOMC-20260916,writing,압축,"입문 3장: 속도계 비유가 C-0002 4단계 없이 첫 문장에 나오고, 한 화면에 수준/속도 구분 + 자동차 비유 + 목표/현재 비교(게이지)가 겹친다. FINDINGS §4.5 에서 실제 독자가 이해하지 못한 바로 그 형태","적용: 비유 문단을 C-0002 FULL ①~④ 로 바꾸고, 비유는 C-0002 ANALOGY 문안으로 ④ 뒤에 둠. 한 장에 넣으면 teaser 와 겹쳐서(375×812 -30px / 390×844 -15px) 두 장으로 나눔 — 입문 3장 ①② / 4장 ③④+비유+게이지+기존 dim 문장. 게이지·dim 문장·기존 teaser 는 그대로 4장으로 옮김. 새로 쓴 문장 2개: 3장 teaser ""그럼 어느 속도가 적당한 거죠?"" / 4장 h1 ""연준이 원하는 속도는⏎1년에 2%예요""(기존 게이지 라벨 + FULL ③ 조합). 4장 kicker 는 3장과 같은 ""이것만 알고 가면 돼요 ①"". 이후 입문 index·goto +1, 장수 8→9. 대안: (a) kicker 를 ①②③ 으로 재번호 — 브레이크 장 kicker 까지 바뀜 (b) ①~④ 단계 제목(""두 가지를 갈라놓기"" 등)을 본문에 포함 (c) ① 의 네 문장을 줄바꿈으로 나눔(라이브러리 원문 줄 구조) (d) 한 장 유지 — 겹침",S1 역산 FOMC-16 · concept-library C-0002,
2026-09-21,FOMC-20260916,writing,압축,"숙련 1장 ""12 : 0""(표결)과 4장 ""18명 중 16명""(전망 제출)이 두 인원이 왜 다른지 설명 없이 나온다. C-0005 운영 노트: ""독자가 반드시 멈춘다""(2026-07 초안에서 실제 발생)","적용: 숙련 4장 dim 문단 맨 앞에 C-0005 REFRESHER 한 문장 — ""표결은 12명, 전망 제출은 참가자 전원이라 인원이 다릅니다."" (""참가자 전원""은 규칙 서술이고, 이번엔 의장이 안 냈다는 F20 이 두 문장 뒤에 있다 → §1.2 확장 가능 단순화로 판단). 대안: (a) C-0005 FULL 앞 두 문장 — 더 정확하지만 375×812 에서 teaser 와 12px 겹침 (b) §7.7·C-0005 권장대로 인원수 행 2개를 빼고 중앙값 비교만 — F12 가 숙련에서 사라지고, 행만 빼면 본문 ""8명·4명""이 합 12 로 읽혀 표결 인원과 섞일 위험 (c) 설명을 표 바로 아래 별도 문단으로. 주의: 채택안도 375×812 에서 teaser 선까지 여백 0px (observed 23px)",S1 역산 FOMC-15 · concept-library C-0005,
2026-09-21,FOMC-20260916,writing,오독 미방어,"숙련 4장 표 ""2026년 PCE 전망 (3월 2.7%) 3.7%""에 헤드라인 표기가 없어, 같은 덱 2장 ""올해 근원 PCE … 3.4%""와 같은 지표가 충돌하는 것으로 읽힌다. 브리프 F15(헤드라인 3.7%) · F16(근원 3.4%) — 사실 충돌이 아니라 라벨 누락","적용: 행 라벨을 ""2026년 헤드라인 PCE 전망 (3월 2.7%)""로. 대안: ""전체 PCE"" / 브리프 F15 표기 ""PCE 물가"". 범위 밖으로 남김: 2장 ""3.3% → 3.4%""의 3.3% 는 6월 전망치(F16)인데 같은 슬라이드의 7월 실적 3.3%(F31)와 구분되지 않는다",S1 역산 FOMC-19 · 브리프 F15/F16,
2026-09-21,FOMC-20260916,writing,압축,"숙련 4장 ""추가 인상을 찍은 dot은 8개뿐, 4명은 오히려"" — 같은 대상(참가자)을 한 문장에서 dot/명 두 단위로 센다. ""dot 1개 = 참가자 1명"" 단계가 빠져 있다. 브리프 F13 문장부터 같은 혼용","적용: ""dot은 8개뿐"" → ""참가자는 8명뿐"" (#2 가 바로 앞 문장에서 ""참가자""를 들여옴). 대안: (a) dot 으로 통일 ""4개는 오히려"" — 같은 슬라이드 표의 ""명""과 어긋남 (b) ""dot 하나가 참가자 한 명의 전망"" 설명 삽입 — 문장 추가",S1 역산 FOMC-18 · 브리프 F13,
2026-09-21,FOMC-20260916,data_model,시점 앵커 누락,"발행 시점을 ""지금""으로 삼는 표현(""201일째"" ""3주 뒤"" ""두 달 전"" ""올해/내년"" ""3년 만에"" ""반년 넘게"" ""지금 3%대"")에 기준 시각도 D8 분류도 없다. 읽는 시점이 지나면 조용히 틀리고, 틀렸는지 검사할 방법이 없다","적용: 본문은 그대로 두고(D8 규칙 2 — 프론트는 value_at_authoring 출력) _published_at=2026-09-16 과 _volatility 주석을 붙임. DERIVED 18(공식·출처·불변식) · VOLATILE 11(as_of). 재계산 PASS 17 / UNVERIFIABLE 1 — ""201일째""는 개전일이 브리프에 없다. published_at 을 9/18(브리프 작성 기준 시각)로 두면 ""201일째""는 2월 어느 날 시작이든 FAIL. 대안: (a) ""201일째"" 삭제 (b) 개전일을 1차 확인해 브리프 fact 로 추가 (c) 상대 표현을 절대 날짜로(""3주 뒤""→""10월 초"") — D8 이 요구하지 않는 문장 변경",S1 역산 FOMC-7 · D8,
2026-09-21,FOMC-20260916,게이트 3,축약 변질,"C-0005 REFRESHER ""참가자 전원""이 같은 문단 ""의장은 제출하지 않았다""(F20)와 모순","REFRESHER 를 도윤 문안으로 교체. 라이브러리 먼저, 골든이 따라감",인접 문장과의 모순,
2026-09-21,FOMC-20260916,게이트 3,레이어 혼입,"C-0002 FULL ④ ""그런데 지금 미국은 3%대입니다""가 현재 상태를 말한다. Concept Atom 은 시간에 독립적이어야 한다(§4.3) — 이 문장은 Bridge 의 몫","라이브러리 C-0002 v2 에서 삭제. 골든 입문 4장 본문은 그대로 두고 concept 출처 표시만 뗌(Bridge 를 표시할 필드 없음). ANALOGY 의 ""지금""은 범위 밖이라 그대로. 남은 ④ ""목표보다 빠르게 오르고 있어요.""도 현재 상태 서술 — 미처리. 유형: 7종 중 ""시점 앵커 누락""이 증상은 같지만(기준 시각 없이 현재 상태를 말함, 지금은 틀리지 않음) 처방이 다르다 — 앵커를 달면 되는 게 아니라 Concept 층에서 빼야 한다. Concept Atom 은 기사마다 재사용되므로 앵커를 달아도 낡은 사실이 이후 기사로 번진다. 같은 유형으로 묶으면 ""앵커를 달면 된다""는 처방이 따라와서 새 이름을 씀",Concept Atom 시간 독립 규칙(§4.3) 대조 — S2 교정 중,
2026-09-29,FTC-20260819,concept_library,축약 변질,"C-0010 REFRESHER v1 ""개인 데이터로 사람마다 다른 값을 매기는 것입니다."" — FULL·명제의 ""지불 의향을 추정해서""가 빠져 정의가 넓어졌다. 명제대로면 해당 없는 것(나이로 매기는 보험료)이 해당이 된다(D19)","C-0010 v2: REFRESHER → ""내가 얼마까지 낼지를 개인 데이터로 추정해서 매기는 가격입니다."" (C-1b 안 B). 대안: 안 A ""개인 데이터로 ""이 사람은 얼마까지 낼까""를 추정해서 사람마다 다른 가격을 매기는 것입니다."" — FULL 과 길이가 거의 같아 되새김용으로 길다","린트 ① (C-1, REFRESHER ⊆ FULL)",
2026-09-29,FTC-20260819,concept_library,축약 변질,"C-0010 BOUNDARY ""나에 대한 추정 때문에 나에게만 달라지는 가격 → 해당"" — 무엇을 추정하는지가 빠졌다. 사고 위험 추정(나이 보험료)도 ""나에 대한 추정""이라 해당으로 읽힌다","C-0010 v2: 둘째 줄 → ""내가 얼마까지 낼지를 추정해서 나에게만 달라지는 가격 → 해당"". 첫 줄(""모두에게 … 해당 없음"")은 그림이 맞아서 그대로",C-1b 판정 (BOUNDARY 는 린트 ① 대상 밖),
2026-09-29,FTC-20260819,concept_library,레이어 혼입,"C-0008 REFRESHER v1 ""이건 방침을 알리는 문서이지 확정된 규칙이 아닙니다."" — 기사 속 문서(FTC-20260819)가 방침 문서이고 아직 확정되지 않았다는 단정. 구속력 있는 규칙 기사에 재사용하면 정반대 그림(D19)","C-0008 v2: REFRESHER → ""기관 문서에는 구속력 있는 규칙도 있고, 방침을 알리는 문서도 있습니다. 방침 문서는 그 자체로는 누구도 구속하지 않아요."" (C-1b 안 A). 어느 쪽인지는 기사가 말한다. 유형: 지시는 축약 변질이었으나 레이어 혼입으로 바꿈 — 원본에 없는 주장이 생긴 건 맞지만(증상은 축약 변질) 그 주장이 이 사건의 문서에 대한 것이고, ""확정된 규칙이 아니다""는 의견 기간 뒤 바뀔 수 있는 현재 상태다. 처방도 FULL 로 되돌리기가 아니라 사건 내용을 층에서 빼기였다. C-0005 의 ""한 회의의 값""을 레이어 혼입으로 본 것과 같은 기준",린트 ① (C-1),
2026-09-29,FOMC-20260916,concept_library,레이어 혼입,"C-0005 FULL v2 — ""회의 참가자들이 각자 제출해요""의 ""각자""가 전원 제출로 읽혀 특정 시기 국면을 가정한다(의장 미제출 F20 과 모순). ""12대0으로 결정""·""18명 중 9명이 전망""은 한 회의의 값이고 ""9명""은 출처가 없다(D19: 9월 실제 값 16명과 부딪힘)","C-0005 v3: FULL → ""FOMC 회의에는 투표권이 있는 사람과 없는 사람이 함께 참가합니다. 정책 표결은 투표권을 가진 12명이 합니다. 경제 전망은 투표권이 없는 참가자도 냅니다. 그래서 같은 회의 기사에 표결 인원과 전망 인원이 서로 다른 숫자로 나와요. 둘 중 하나가 틀린 게 아닙니다."" (C-1b 안 B). ""도""로 포함만 말하고 전원은 말하지 않는다. 의장 제출 여부도 쓰지 않는다. REFRESHER v2 는 새 FULL 에서 그대로 도출","C-1 판정 (브리프 대조, 린트 밖)",
2026-09-29,FOMC-20260916,concept_library,레이어 혼입,"C-0002 FULL ④ — v2 에서 ""그런데 지금 미국은 3%대입니다.""를 지운 뒤에도 머리말 ""④ 지금 상태""와 ""목표보다 빠르게 오르고 있어요.""가 현재 상태를 말한다. 물가가 목표 아래인 시기의 기사에 재사용하면 거짓(D19)","C-0002 v3: FULL 에서 ④ 전체 삭제 — 라이브러리는 ①②③, ④ 는 기사가 브리지로 붙인다. FULL 머리말 ""반드시 4단계로"" → ""개념 3단계 + 기사가 ④ 를 브리지로 붙여 독자에게는 반드시 4단계로"", ANALOGY 🚨 규칙 → ""①②③ 과 기사의 ④ 브리지 뒤에만"", ④ 브리지 메모 추가. 골든 입문 3·4장 본문 14문장 불변. 골든 입문 4장의 C-0002 주석은 0.1b 가 브리지 층으로 바꾸며 정리(D20)","린트 ② (머리말 ""④ 지금 상태"") + S2",
2026-09-29,FOMC-20260916,게이트(0.1b PM 검수),레이어 혼입,"입문 8장 callout: 연준이 “확신이 없다”고 말한 이유의 상당 부분이 여기 있습니다. — 해석(""확신이 없다고 본 이유의 비중"")에 원문 인용 표시(따옴표 + ""말한"")를 달았다. 브리프에 그런 발언이 없다(F33 은 잭슨홀 연설의 확신 ""기준"", 원문은 ""확신이 있어야 한다""). §8.4 의 ""이건 원문 / 이건 해석"" 약속을 직접 깨고, 골든에 남으면 파이프라인이 따옴표 안에 지어낸 말을 정답으로 배운다(D9)","연준이 확신이 없다고 본 이유의 상당 부분이 여기 있습니다. (D23 · 도윤 승인) 층은 claim 그대로, 대기 DerivedClaim 그대로 — 원인 비중(""상당 부분"")은 해석이다. 유형: 원문에 없는 주장이 원문 표시를 달고 있어 레이어 혼입(해석 → 원문)으로 봤다. 축약 변질이 아닌 이유 — 문장이 원문을 줄인 게 아니라 원문이 없는 곳에 인용 부호를 붙인 것이고, 처방도 내용 추가가 아니라 표시를 떼는 것이었다",0.1b 층 판정 + PM 검수,
2026-10-09,FOMC-20260916,게이트(0.2b),레이어 혼입,"입문 7장 대조: 세 명만 “올리자”고 반대 — 바꿔 말한 것에 발언 표시(따옴표)를 달았다. 근거 사실 F28 은 ""25bp 인상을 원해 반대""이고, 브리프에 세 사람이 ""올리자""고 말한 원문이 없다. 독자는 본문 따옴표를 누군가 실제로 한 말로 읽는다(§8.4). D23 #16 과 같은 모양 — 해석이 원문 표시를 달았다","세 명만 올리자고 반대 (D27 · 도윤 승인). 따옴표만 뺐고 줄바꿈 · 층(fact F28)은 그대로. 골든 + invalid 2건 + compare-reader-text 허용된 차이 1건 추가(합 2). 골든의 본문 따옴표 4개를 전부 봤고 귀속으로 읽히는 것은 이것 하나였다(D27) — 나머지 셋(라면 예문 둘 · ""연준이 던진 질문은 ~가 아니었습니다"")은 발언을 옮긴 것이 아니다",0.2b 인용 검사,
